lower,camel
onactivate,OnActivate
onallspawneddead,OnAllSpawnedDead
onammotaken,OnAmmoTaken
onanimationdone,OnAnimationDone
onarrival,OnArrival
onawakened,OnAwakened
onbaited,OnBaited
onballgrabbed,OnBallGrabbed
onballreinserted,OnBallReInserted
onbeginfade,OnBeginFade
onbeginsequence,OnBeginSequence
onbreak,OnBreak
oncase01,OnCase01
oncase02,OnCase02
oncase03,OnCase03
oncase04,OnCase04
oncase05,OnCase05
oncase06,OnCase06
oncase07,OnCase07
oncase08,OnCase08
oncase09,OnCase09
oncase10,OnCase10
oncase11,OnCase11
oncase12,OnCase12
oncase13,OnCase13
oncase14,OnCase14
oncase15,OnCase15
oncase16,OnCase16
onclose,OnClose
oncompletion,OnCompletion
onconditionssatisfied,OnConditionsSatisfied
ondamaged,OnDamaged
ondamagedbyplayer,OnDamagedByPlayer
ondeath,OnDeath
ondeploy,OnDeploy
onendsequence,OnEndSequence
onendtouch,OnEndTouch
onentityspawned,OnEntitySpawned
onfalse,OnFalse
onfire,OnFire
onfoundenemy,OnFoundEnemy
onfoundplayer,OnFoundPlayer
onfourthdamage,OnFourthDamage
onfullyclosed,OnFullyClosed
onfullyopen,OnFullyOpen
ongotcontroller,OnGotController
ongotplayercontroller,OnGotPlayerController
onhalfhealth,OnHalfHealth
onhealthchanged,OnHealthChanged
onhitmax,OnHitMax
onhurtplayer,OnHurtPlayer
onin,OnIn
onloadgame,OnLoadGame
onlockeduse,OnLockedUse
onlostcontroller,OnLostController
onlostplayercontroller,OnLostPlayerController
onmapspawn,OnMapSpawn
onmaptransition,OnMapTransition
onmotionenabled,OnMotionEnabled
onnewgame,OnNewGame
onnpcstartedusing,OnNPCStartedUsing
onnpcstoppedusing,OnNPCStoppedUsing
onopen,OnOpen
onout,OnOut
onpass,OnPass
onphysgundrop,OnPhysGunDrop
onphysgunpickup,OnPhysGunPickup
onplayerpickup,OnPlayerPickup
onplayertouch,OnPlayerTouch
onplayeruse,OnPlayerUse
onpressed,OnPressed
onseconddamage,OnSecondDamage
onshotdown,OnShotDown
onspawn,OnSpawn
onspawnnpc,OnSpawnNPC
onstart,OnStart
onstarttouch,OnStartTouch
onstarttouchall,OnStartTouchAll
onsurfacechangedtotarget,OnSurfaceChangedToTarget
ontimer,OnTimer
ontimerhigh,OnTimerHigh
ontimerlow,OnTimerLow
ontipped,OnTipped
ontouchedbyentity,OnTouchedByEntity
ontouching,OnTouching
ontrigger,OnTrigger
ontrigger1,OnTrigger1
ontrue,OnTrue
onuselocked,OnUseLocked
onuser1,OnUser1
onuser2,OnUser2
onuser3,OnUser3
onuser4,OnUser4
outvalue,OutValue
playeroff,PlayerOff
playeron,PlayerOn
